"Quantidade de Pontos",Tempo Pips,Erro Pips,Tempo Volca,Erro Volca,Tempo Zigzag,Erro Zigzag
5,0.0639889240265,4977.56175579,0.0031590461731,8014.64485716,0.00018310546875,6645.7041466
10,0.139257907867,5293.37266199,0.00314593315125,4505.57601752,0.000182867050171,6648.03744661
15,0.185281038284,4631.29558591,0.00313782691956,3360.38476627,0.00019383430481,4140.54731208
