"Quantidade de Pontos",Tempo Pips,Erro Pips,Tempo Volca,Erro Volca,Tempo Zigzag,Erro Zigzag
5,0.0659720897675,4977.56175579,0.00323104858398,8014.64485716,0.000184059143066,6645.7041466
10,0.140991926193,5293.37266199,0.00315594673157,4505.57601752,0.00018310546875,6648.03744661
15,0.188898086548,4631.29558591,0.00314283370972,3360.38476627,0.000194072723389,4140.54731208
